Workbook

Sheet DATA ENTRY
A1: Site | B1: Date_Julian | C1: Date | D1: VWR_veg | E1: Adj AWC_soil | F1: DTW_RP | G1: DTW_BGS | H1: On/Off
A2: BC1 | B2: =(C2-DATE(YEAR(C2),1,0))/365+YEAR(C2) -> 2025.4849 | C2: 45834 | D2: =ROUND(VLOOKUP(A2,'GB VWR July 1_2025'!A$4:C$33,2,FALSE),1) -> 22.3 | E2: 76.9 | F2: 2.425 | G2: =F2-VLOOKUP(A2,'test well RPs'!A:C,3,FALSE) -> 2.355 | H2: NA | J2: To update this master table - go to a link below & cut/paste the data from each monthly sheet (e.g., "Jan 2022 awc_dtw"):
A3: BC1 | B3: =(C3-DATE(YEAR(C3),1,0))/365+YEAR(C3) -> 2025.7315 | C3: 45924 | D3: =ROUND(VLOOKUP(A3,'GB VWR July 1_2025'!A$4:C$33,2,FALSE),1) -> 22.3 | E3: 67.8 | F3: 2.726 | G3: =F3-VLOOKUP(A3,'test well RPs'!A:C,3,FALSE) -> 2.656 | H3: NA | J3: S:\Shared_Files\Soil Water Monthly Data Entry\Files_monthly OR S:\staffdata\Tim\Soil Moisture_On_Off\AWC_DTW_monthly.
A4: BC1 | B4: =(C4-DATE(YEAR(C4),1,0))/365+YEAR(C4) -> 2025.8849 | C4: 45980 | D4: =ROUND(VLOOKUP(A4,'GB VWR July 1_2025'!A$4:C$33,2,FALSE),1) -> 22.3 | E4: 72.9 | F4: 2.774 | G4: =F4-VLOOKUP(A4,'test well RPs'!A:C,3,FALSE) -> 2.704 | H4: NA | J4: Sort on Site & remove TA1, TAC & TS6. Check each Hydrograph for any WLs flagged as erroneous (sometimes found months
A5: BC1 | B5: =(C5-DATE(YEAR(C5),1,0))/365+YEAR(C5) -> 2026.0575 | C5: 46043 | D5: =ROUND(VLOOKUP(A5,'GB VWR July 1_2025'!A$4:C$33,2,FALSE),1) -> 22.3 | E5: 81.7 | F5: 2.598 | G5: =F5-VLOOKUP(A5,'test well RPs'!A:C,3,FALSE) -> 2.528 | H5: NA | J5: later) and check min/max date range before copy/paste WL data to "dtw" tab. Then do some more sorting to get rid of NA/NR
A6: BC1 | B6: =(C6-DATE(YEAR(C6),1,0))/365+YEAR(C6) -> 2026.2274 | C6: 46105 | D6: =ROUND(VLOOKUP(A6,'GB VWR July 1_2025'!A$4:C$33,2,FALSE),1) -> 22.3 | E6: 82.5 | F6: 2.415 | G6: =F6-VLOOKUP(A6,'test well RPs'!A:C,3,FALSE) -> 2.345 | H6: NA | J6: reads and round values to one decimal place (if needed) before copy/paste to "awc_vwr" tab. Finally, update "on.off" tab.
A7: BC1 | B7: =(C7-DATE(YEAR(C7),1,0))/365+YEAR(C7) -> 2026.3041 | C7: 46133 | D7: =ROUND(VLOOKUP(A7,'GB VWR July 1_2025'!A$4:C$33,2,FALSE),1) -> 22.3 | E7: 78.5 | F7: 2.391 | G7: =F7-VLOOKUP(A7,'test well RPs'!A:C,3,FALSE) -> 2.321 | H7: NA
A8: BC2 | B8: =(C8-DATE(YEAR(C8),1,0))/365+YEAR(C8) -> 2025.4849 | C8: 45834 | D8: =ROUND(VLOOKUP(A8,'GB VWR July 1_2025'!A$4:C$33,2,FALSE),1) -> 19.1 | E8: 38 | F8: 4.069 | G8: =F8-VLOOKUP(A8,'test well RPs'!A:C,3,FALSE) -> 3.869 | H8: NA | J8: VWR change between end of May and June for July 1 VWR which is for the second half of the growing season. July 1 On/Off asks, is there enough soil water for the rest of the summer?
A9: BC2 | B9: =(C9-DATE(YEAR(C9),1,0))/365+YEAR(C9) -> 2025.7315 | C9: 45924 | D9: =ROUND(VLOOKUP(A9,'GB VWR July 1_2025'!A$4:C$33,2,FALSE),1) -> 19.1 | E9: 34.7 | F9: 4.358 | G9: =F9-VLOOKUP(A9,'test well RPs'!A:C,3,FALSE) -> 4.158 | H9: NA | J9: VWR change between end of August and September for October 1 VWR which is for the full growing season. Oct 1 On/Off asks, is there enough soil water for next summer to maintain
A10: BC2 | B10: =(C10-DATE(YEAR(C10),1,0))/365+YEAR(C10) -> 2025.8849 | C10: 45980 | D10: =ROUND(VLOOKUP(A10,'GB VWR July 1_2025'!A$4:C$33,2,FALSE),1) -> 19.1 | E10: 37.8 | F10: 4.362 | G10: =F10-VLOOKUP(A10,'test well RPs'!A:C,3,FALSE) -> 4.162 | H10: NA | J10: cover we had the summer just concluded? This is what we enter in the "awc_vwr" tab for the full 12 months.
A11: BC2 | B11: =(C11-DATE(YEAR(C11),1,0))/365+YEAR(C11) -> 2026.0575 | C11: 46043 | D11: =ROUND(VLOOKUP(A11,'GB VWR July 1_2025'!A$4:C$33,2,FALSE),1) -> 19.1 | E11: 44.9 | F11: 4.19 | G11: =F11-VLOOKUP(A11,'test well RPs'!A:C,3,FALSE) -> 3.99 | H11: NA
A12: BC2 | B12: =(C12-DATE(YEAR(C12),1,0))/365+YEAR(C12) -> 2026.2274 | C12: 46105 | D12: =ROUND(VLOOKUP(A12,'GB VWR July 1_2025'!A$4:C$33,2,FALSE),1) -> 19.1 | E12: 44.8 | F12: 4.148 | G12: =F12-VLOOKUP(A12,'test well RPs'!A:C,3,FALSE) -> 3.948 | H12: NA
A13: BC2 | B13: =(C13-DATE(YEAR(C13),1,0))/365+YEAR(C13) -> 2026.3041 | C13: 46133 | D13: =ROUND(VLOOKUP(A13,'GB VWR July 1_2025'!A$4:C$33,2,FALSE),1) -> 19.1 | E13: 42.6 | F13: 4.17 | G13: =F13-VLOOKUP(A13,'test well RPs'!A:C,3,FALSE) -> 3.97 | H13: NA | J13: Things to Fix in future updates
A14: BC3 | B14: =(C14-DATE(YEAR(C14),1,0))/365+YEAR(C14) -> 2025.4849 | C14: 45834 | D14: =ROUND(VLOOKUP(A14,'GB VWR July 1_2025'!A$4:C$33,2,FALSE),1) -> 18 | E14: 42.5 | F14: 1.672 | G14: =F14-VLOOKUP(A14,'test well RPs'!A:C,3,FALSE) -> 1.602 | H14: NA | J14: There is a discrepancy in data entry where sometimes vwr is entered as turn-on value or the lower July 1 value for just the 1st half
A15: BC3 | B15: =(C15-DATE(YEAR(C15),1,0))/365+YEAR(C15) -> 2025.7315 | C15: 45924 | D15: =ROUND(VLOOKUP(A15,'GB VWR July 1_2025'!A$4:C$33,2,FALSE),1) -> 18 | E15: 37.7 | F15: 2.026 | G15: =F15-VLOOKUP(A15,'test well RPs'!A:C,3,FALSE) -> 1.956 | H15: NA | J15: of the growing season (e.g., both issues are common in 2019) instead of calculated GB VWR Oct value for the full 12 months.
A16: BC3 | B16: =(C16-DATE(YEAR(C16),1,0))/365+YEAR(C16) -> 2025.8849 | C16: 45980 | D16: =ROUND(VLOOKUP(A16,'GB VWR July 1_2025'!A$4:C$33,2,FALSE),1) -> 18 | E16: 42.8 | F16: 1.864 | G16: =F16-VLOOKUP(A16,'test well RPs'!A:C,3,FALSE) -> 1.794 | H16: NA
A17: BC3 | B17: =(C17-DATE(YEAR(C17),1,0))/365+YEAR(C17) -> 2026.0575 | C17: 46043 | D17: =ROUND(VLOOKUP(A17,'GB VWR July 1_2025'!A$4:C$33,2,FALSE),1) -> 18 | E17: 49.1 | F17: 1.378 | G17: =F17-VLOOKUP(A17,'test well RPs'!A:C,3,FALSE) -> 1.308 | H17: NA
A18: BC3 | B18: =(C18-DATE(YEAR(C18),1,0))/365+YEAR(C18) -> 2026.2274 | C18: 46105 | D18: =ROUND(VLOOKUP(A18,'GB VWR July 1_2025'!A$4:C$33,2,FALSE),1) -> 18 | E18: 50.1 | F18: 1.285 | G18: =F18-VLOOKUP(A18,'test well RPs'!A:C,3,FALSE) -> 1.215 | H18: NA
A19: BC3 | B19: =(C19-DATE(YEAR(C19),1,0))/365+YEAR(C19) -> 2026.3041 | C19: 46133 | D19: =ROUND(VLOOKUP(A19,'GB VWR July 1_2025'!A$4:C$33,2,FALSE),1) -> 18 | E19: 47.1 | F19: 1.348 | G19: =F19-VLOOKUP(A19,'test well RPs'!A:C,3,FALSE) -> 1.278 | H19: NA
A20: BG2 | B20: =(C20-DATE(YEAR(C20),1,0))/365+YEAR(C20) -> 2025.4658 | C20: 45827 | D20: =ROUND(VLOOKUP(A20,'GB VWR July 1_2025'!A$4:C$33,2,FALSE),1) -> 9.8 | E20: 42.8 | F20: 3.895 | G20: =F20-VLOOKUP(A20,'test well RPs'!A:C,3,FALSE) -> 3.545 | H20: ON
A21: BG2 | B21: =(C21-DATE(YEAR(C21),1,0))/365+YEAR(C21) -> 2025.5726 | C21: 45866 | D21: =ROUND(VLOOKUP(A21,'GB VWR July 1_2025'!A$4:C$33,2,FALSE),1) -> 9.8 | E21: 39 | F21: 3.953 | G21: =F21-VLOOKUP(A21,'test well RPs'!A:C,3,FALSE) -> 3.603 | H21: ON
A22: BG2 | B22: =(C22-DATE(YEAR(C22),1,0))/365+YEAR(C22) -> 2025.6384 | C22: 45890 | D22: =ROUND(VLOOKUP(A22,'GB VWR July 1_2025'!A$4:C$33,2,FALSE),1) -> 9.8 | E22: 36.8 | F22: 3.987 | G22: =F22-VLOOKUP(A22,'test well RPs'!A:C,3,FALSE) -> 3.637 | H22: ON
A23: BG2 | B23: =(C23-DATE(YEAR(C23),1,0))/365+YEAR(C23) -> 2025.726 | C23: 45922 | D23: =ROUND(VLOOKUP(A23,'GB VWR July 1_2025'!A$4:C$33,2,FALSE),1) -> 9.8 | E23: 37 | F23: 4.031 | G23: =F23-VLOOKUP(A23,'test well RPs'!A:C,3,FALSE) -> 3.681 | H23: ON
A24: BG2 | B24: =(C24-DATE(YEAR(C24),1,0))/365+YEAR(C24) -> 2025.8219 | C24: 45957 | D24: =ROUND(VLOOKUP(A24,'GB VWR July 1_2025'!A$4:C$33,2,FALSE),1) -> 9.8 | E24: 37 | F24: 4.056 | G24: =F24-VLOOKUP(A24,'test well RPs'!A:C,3,FALSE) -> 3.706 | H24: ON
A25: BG2 | B25: =(C25-DATE(YEAR(C25),1,0))/365+YEAR(C25) -> 2025.9041 | C25: 45987 | D25: =ROUND(VLOOKUP(A25,'GB VWR July 1_2025'!A$4:C$33,2,FALSE),1) -> 9.8 | E25: 41.2 | F25: 4.08 | G25: =F25-VLOOKUP(A25,'test well RPs'!A:C,3,FALSE) -> 3.73 | H25: ON
A26: BG2 | B26: =(C26-DATE(YEAR(C26),1,0))/365+YEAR(C26) -> 2025.9726 | C26: 46012 | D26: =ROUND(VLOOKUP(A26,'GB VWR July 1_2025'!A$4:C$33,2,FALSE),1) -> 9.8 | E26: 38.8 | F26: 4.032 | G26: =F26-VLOOKUP(A26,'test well RPs'!A:C,3,FALSE) -> 3.682 | H26: ON
A27: BG2 | B27: =(C27-DATE(YEAR(C27),1,0))/365+YEAR(C27) -> 2026.074 | C27: 46049 | D27: =ROUND(VLOOKUP(A27,'GB VWR July 1_2025'!A$4:C$33,2,FALSE),1) -> 9.8 | E27: 40.5 | F27: 4.043 | G27: =F27-VLOOKUP(A27,'test well RPs'!A:C,3,FALSE) -> 3.693 | H27: ON
... A96: IC2 | B96: =(C96-DATE(YEAR(C96),1,0))/365+YEAR(C96) -> 2026.2329 | C96: 46107 | D96: =ROUND(VLOOKUP(A96,'GB VWR July 1_2025'!A$4:C$33,2,FALSE),1) -> 2.8 | E96: 25.4 | F96: 2.356 | G96: =F96-VLOOKUP(A96,'test well RPs'!A:C,3,FALSE) -> 2.196 | H96: NA
A97: IC2 | B97: =(C97-DATE(YEAR(C97),1,0))/365+YEAR(C97) -> 2026.3233 | C97: 46140 | D97: =ROUND(VLOOKUP(A97,'GB VWR July 1_2025'!A$4:C$33,2,FALSE),1) -> 2.8 | E97: 24.9 | F97: 2.524 | H97: NA
A98: IO1 | B98: =(C98-DATE(YEAR(C98),1,0))/365+YEAR(C98) -> 2025.4767 | C98: 45831 | D98: =ROUND(VLOOKUP(A98,'GB VWR July 1_2025'!A$4:C$33,2,FALSE),1) -> 31.8 | E98: 30.7 | F98: 3.304 | G98: =F98-VLOOKUP(A98,'test well RPs'!A:C,3,FALSE) -> 3.164 | H98: ON
A99: IO1 | B99: =(C99-DATE(YEAR(C99),1,0))/365+YEAR(C99) -> 2025.5616 | C99: 45862 | D99: =ROUND(VLOOKUP(A99,'GB VWR July 1_2025'!A$4:C$33,2,FALSE),1) -> 31.8 | E99: 27.9 | F99: 3.536 | G99: =F99-VLOOKUP(A99,'test well RPs'!A:C,3,FALSE) -> 3.396 | H99: ON
A100: IO1 | B100: =(C100-DATE(YEAR(C100),1,0))/365+YEAR(C100) -> 2025.6521 | C100: 45895 | D100: =ROUND(VLOOKUP(A100,'GB VWR July 1_2025'!A$4:C$33,2,FALSE),1) -> 31.8 | E100: 25.7 | F100: 3.675 | G100: =F100-VLOOKUP(A100,'test well RPs'!A:C,3,FALSE) -> 3.535 | H100: ON
A101: IO1 | B101: =(C101-DATE(YEAR(C101),1,0))/365+YEAR(C101) -> 2025.7288 | C101: 45923 | D101: =ROUND(VLOOKUP(A101,'GB VWR July 1_2025'!A$4:C$33,2,FALSE),1) -> 31.8 | E101: 24.4 | F101: 3.707 | G101: =F101-VLOOKUP(A101,'test well RPs'!A:C,3,FALSE) -> 3.567 | H101: OFF (31.8)
A102: IO1 | B102: =(C102-DATE(YEAR(C102),1,0))/365+YEAR(C102) -> 2025.8219 | C102: 45957 | D102: =ROUND(VLOOKUP(A102,'GB VWR July 1_2025'!A$4:C$33,2,FALSE),1) -> 31.8 | E102: 24.5 | F102: 3.589 | G102: =F102-VLOOKUP(A102,'test well RPs'!A:C,3,FALSE) -> 3.449 | H102: OFF (31.8)
A103: IO1 | B103: =(C103-DATE(YEAR(C103),1,0))/365+YEAR(C103) -> 2025.8986 | C103: 45985 | D103: =ROUND(VLOOKUP(A103,'GB VWR July 1_2025'!A$4:C$33,2,FALSE),1) -> 31.8 | E103: 25.1 | F103: 3.459 | G103: =F103-VLOOKUP(A103,'test well RPs'!A:C,3,FALSE) -> 3.319 | H103: OFF (31.8)
A104: IO1 | B104: =(C104-DATE(YEAR(C104),1,0))/365+YEAR(C104) -> 2025.9726 | C104: 46012 | D104: =ROUND(VLOOKUP(A104,'GB VWR July 1_2025'!A$4:C$33,2,FALSE),1) -> 31.8 | E104: 26.3 | F104: 3.338 | G104: =F104-VLOOKUP(A104,'test well RPs'!A:C,3,FALSE) -> 3.198 | H104: OFF (31.8)
A105: IO1 | B105: =(C105-DATE(YEAR(C105),1,0))/365+YEAR(C105) -> 2026.0712 | C105: 46048 | D105: =ROUND(VLOOKUP(A105,'GB VWR July 1_2025'!A$4:C$33,2,FALSE),1) -> 31.8 | E105: 31.2 | F105: 3.186 | G105: =F105-VLOOKUP(A105,'test well RPs'!A:C,3,FALSE) -> 3.046 | H105: OFF (31.8)
A106: IO1 | B106: =(C106-DATE(YEAR(C106),1,0))/365+YEAR(C106) -> 2026.1397 | C106: 46073 | D106: =ROUND(VLOOKUP(A106,'GB VWR July 1_2025'!A$4:C$33,2,FALSE),1) -> 31.8 | E106: 32.4 | F106: 3.113 | G106: =F106-VLOOKUP(A106,'test well RPs'!A:C,3,FALSE) -> 2.973 | H106: ON
A107: IO1 | B107: =(C107-DATE(YEAR(C107),1,0))/365+YEAR(C107) -> 2026.2329 | C107: 46107 | D107: =ROUND(VLOOKUP(A107,'GB VWR July 1_2025'!A$4:C$33,2,FALSE),1) -> 31.8 | E107: 34.5 | F107: 3 | G107: =F107-VLOOKUP(A107,'test well RPs'!A:C,3,FALSE) -> 2.86 | H107: ON
A108: IO1 | B108: =(C108-DATE(YEAR(C108),1,0))/365+YEAR(C108) -> 2026.3205 | C108: 46139 | D108: =ROUND(VLOOKUP(A108,'GB VWR July 1_2025'!A$4:C$33,2,FALSE),1) -> 31.8 | E108: 34.6 | F108: 3.02 | G108: =F108-VLOOKUP(A108,'test well RPs'!A:C,3,FALSE) -> 2.88 | H108: ON
A109: IO1 | B109: =(C109-DATE(YEAR(C109),1,0))/365+YEAR(C109) -> 2026.3863 | C109: 46163 | D109: =ROUND(VLOOKUP(A109,'GB VWR July 1_2025'!A$4:C$33,2,FALSE),1) -> 31.8 | E109: 32.5 | F109: 3.132 | G109: =F109-VLOOKUP(A109,'test well RPs'!A:C,3,FALSE) -> 2.992 | H109: ON
... A307: TSC | B307: =(C307-DATE(YEAR(C307),1,0))/365+YEAR(C307) -> 2026.3205 | C307: 46139 | D307: =ROUND(VLOOKUP(A307,'GB VWR July 1_2025'!A$4:C$33,2,FALSE),1) -> 6.3 | E307: 54.7 | F307: 1.525 | G307: =F307-VLOOKUP(A307,'test well RPs'!A:C,3,FALSE) -> 1.365 | H307: NA
J308: Site | K308: Date_Julian | L308: Date | M308: VWR_veg | N308: Adj AWC_soil | O308: DTW_RP | P308: DTW_BGS | Q308: On/Off
J309: TA1 | K309: =(L309-DATE(YEAR(L309),1,0))/365+YEAR(L309) -> 2025.4795 | L309: 45832 | M309: =ROUND(VLOOKUP(J309,'GB VWR July 1_2025'!A$4:C$33,2,FALSE),1) -> #N/A | N309: 80.9 | O309: 1.398 | P309: =O309-VLOOKUP(J309,'test well RPs'!A:C,3,FALSE) -> 0.928 | Q309: NA
J310: TA1 | K310: =(L310-DATE(YEAR(L310),1,0))/365+YEAR(L310) -> 2025.5589 | L310: 45861 | M310: =ROUND(VLOOKUP(J310,'GB VWR July 1_2025'!A$4:C$33,2,FALSE),1) -> #N/A | N310: NR | O310: 1.799 | P310: =O310-VLOOKUP(J310,'test well RPs'!A:C,3,FALSE) -> 1.329 | Q310: NA
J311: TA1 | K311: =(L311-DATE(YEAR(L311),1,0))/365+YEAR(L311) -> 2025.6384 | L311: 45890 | M311: =ROUND(VLOOKUP(J311,'GB VWR July 1_2025'!A$4:C$33,2,FALSE),1) -> #N/A | N311: NR | O311: 2.063 | P311: =O311-VLOOKUP(J311,'test well RPs'!A:C,3,FALSE) -> 1.593 | Q311: NA
J312: TA1 | K312: =(L312-DATE(YEAR(L312),1,0))/365+YEAR(L312) -> 2025.737 | L312: 45926 | M312: =ROUND(VLOOKUP(J312,'GB VWR July 1_2025'!A$4:C$33,2,FALSE),1) -> #N/A | N312: 57.9 | O312: 2.004 | P312: =O312-VLOOKUP(J312,'test well RPs'!A:C,3,FALSE) -> 1.534 | Q312: NA
J313: TA1 | K313: =(L313-DATE(YEAR(L313),1,0))/365+YEAR(L313) -> 2025.8247 | L313: 45958 | M313: =ROUND(VLOOKUP(J313,'GB VWR July 1_2025'!A$4:C$33,2,FALSE),1) -> #N/A | N313: NR | O313: 1.664 | P313: =O313-VLOOKUP(J313,'test well RPs'!A:C,3,FALSE) -> 1.194 | Q313: NA
J314: TA1 | K314: =(L314-DATE(YEAR(L314),1,0))/365+YEAR(L314) -> 2025.8877 | L314: 45981 | M314: =ROUND(VLOOKUP(J314,'GB VWR July 1_2025'!A$4:C$33,2,FALSE),1) -> #N/A | N314: 81.1 | O314: 1.247 | P314: =O314-VLOOKUP(J314,'test well RPs'!A:C,3,FALSE) -> 0.777 | Q314: NA
J315: TA1 | K315: =(L315-DATE(YEAR(L315),1,0))/365+YEAR(L315) -> 2025.9699 | L315: 46011 | M315: =ROUND(VLOOKUP(J315,'GB VWR July 1_2025'!A$4:C$33,2,FALSE),1) -> #N/A | N315: NR | O315: 1.196 | P315: =O315-VLOOKUP(J315,'test well RPs'!A:C,3,FALSE) -> 0.726 | Q315: NA
J316: TA1 | K316: =(L316-DATE(YEAR(L316),1,0))/365+YEAR(L316) -> 2026.0603 | L316: 46044 | M316: =ROUND(VLOOKUP(J316,'GB VWR July 1_2025'!A$4:C$33,2,FALSE),1) -> #N/A | N316: 82.6 | O316: 1.107 | P316: =O316-VLOOKUP(J316,'test well RPs'!A:C,3,FALSE) -> 0.637 | Q316: NA
J317: TA1 | K317: =(L317-DATE(YEAR(L317),1,0))/365+YEAR(L317) -> 2026.1507 | L317: 46077 | M317: =ROUND(VLOOKUP(J317,'GB VWR July 1_2025'!A$4:C$33,2,FALSE),1) -> #N/A | N317: NR | O317: 1.104 | P317: =O317-VLOOKUP(J317,'test well RPs'!A:C,3,FALSE) -> 0.634 | Q317: NA
J318: TA1 | K318: =(L318-DATE(YEAR(L318),1,0))/365+YEAR(L318) -> 2026.2301 | L318: 46106 | M318: =ROUND(VLOOKUP(J318,'GB VWR July 1_2025'!A$4:C$33,2,FALSE),1) -> #N/A | N318: 81.9 | O318: 1.179 | P318: =O318-VLOOKUP(J318,'test well RPs'!A:C,3,FALSE) -> 0.709 | Q318: NA
J319: TA1 | K319: =(L319-DATE(YEAR(L319),1,0))/365+YEAR(L319) -> 2026.3096 | L319: 46135 | M319: =ROUND(VLOOKUP(J319,'GB VWR July 1_2025'!A$4:C$33,2,FALSE),1) -> #N/A | N319: 82.5 | O319: 1.198 | P319: =O319-VLOOKUP(J319,'test well RPs'!A:C,3,FALSE) -> 0.728 | Q319: NA
J320: TA1 | K320: =(L320-DATE(YEAR(L320),1,0))/365+YEAR(L320) -> 2026.4027 | L320: 46169 | M320: =ROUND(VLOOKUP(J320,'GB VWR July 1_2025'!A$4:C$33,2,FALSE),1) -> #N/A | N320: NR | O320: 1.245 | P320: =O320-VLOOKUP(J320,'test well RPs'!A:C,3,FALSE) -> 0.775 | Q320: NA
J321: TAC | K321: =(L321-DATE(YEAR(L321),1,0))/365+YEAR(L321) -> 2025.4795 | L321: 45832 | M321: =ROUND(VLOOKUP(J321,'GB VWR July 1_2025'!A$4:C$33,2,FALSE),1) -> 41.5 | N321: 87.6 | O321: 0.994 | P321: =O321-VLOOKUP(J321,'test well RPs'!A:C,3,FALSE) -> 0.794 | Q321: NA
J322: TAC | K322: =(L322-DATE(YEAR(L322),1,0))/365+YEAR(L322) -> 2025.5589 | L322: 45861 | M322: =ROUND(VLOOKUP(J322,'GB VWR July 1_2025'!A$4:C$33,2,FALSE),1) -> 41.5 | N322: 86.9 | O322: 1.013 | P322: =O322-VLOOKUP(J322,'test well RPs'!A:C,3,FALSE) -> 0.813 | Q322: NA
J323: TAC | K323: =(L323-DATE(YEAR(L323),1,0))/365+YEAR(L323) -> 2025.6521 | L323: 45895 | M323: =ROUND(VLOOKUP(J323,'GB VWR July 1_2025'!A$4:C$33,2,FALSE),1) -> 41.5 | N323: 87.3 | O323: 0.969 | P323: =O323-VLOOKUP(J323,'test well RPs'!A:C,3,FALSE) -> 0.769 | Q323: NA
J324: TAC | K324: =(L324-DATE(YEAR(L324),1,0))/365+YEAR(L324) -> 2025.737 | L324: 45926 | M324: =ROUND(VLOOKUP(J324,'GB VWR July 1_2025'!A$4:C$33,2,FALSE),1) -> 41.5 | N324: 87.8 | O324: 1.001 | P324: =O324-VLOOKUP(J324,'test well RPs'!A:C,3,FALSE) -> 0.801 | Q324: NA
J325: TAC | K325: =(L325-DATE(YEAR(L325),1,0))/365+YEAR(L325) -> 2025.8247 | L325: 45958 | M325: =ROUND(VLOOKUP(J325,'GB VWR July 1_2025'!A$4:C$33,2,FALSE),1) -> 41.5 | N325: 88.2 | O325: 0.919 | P325: =O325-VLOOKUP(J325,'test well RPs'!A:C,3,FALSE) -> 0.719 | Q325: NA
J326: TAC | K326: =(L326-DATE(YEAR(L326),1,0))/365+YEAR(L326) -> 2025.8877 | L326: 45981 | M326: =ROUND(VLOOKUP(J326,'GB VWR July 1_2025'!A$4:C$33,2,FALSE),1) -> 41.5 | N326: 90.6 | O326: 0.705 | P326: =O326-VLOOKUP(J326,'test well RPs'!A:C,3,FALSE) -> 0.505 | Q326: NA
J327: TAC | K327: =(L327-DATE(YEAR(L327),1,0))/365+YEAR(L327) -> 2025.9699 | L327: 46011 | M327: =ROUND(VLOOKUP(J327,'GB VWR July 1_2025'!A$4:C$33,2,FALSE),1) -> 41.5 | N327: 90.9 | O327: 0.752 | P327: =O327-VLOOKUP(J327,'test well RPs'!A:C,3,FALSE) -> 0.552 | Q327: NA
J328: TAC | K328: =(L328-DATE(YEAR(L328),1,0))/365+YEAR(L328) -> 2026.0603 | L328: 46044 | M328: =ROUND(VLOOKUP(J328,'GB VWR July 1_2025'!A$4:C$33,2,FALSE),1) -> 41.5 | N328: 92 | O328: 0.585 | P328: =O328-VLOOKUP(J328,'test well RPs'!A:C,3,FALSE) -> 0.385 | Q328: NA
J329: TAC | K329: =(L329-DATE(YEAR(L329),1,0))/365+YEAR(L329) -> 2026.1479 | L329: 46076 | M329: =ROUND(VLOOKUP(J329,'GB VWR July 1_2025'!A$4:C$33,2,FALSE),1) -> 41.5 | N329: 92.6 | O329: 0.516 | P329: =O329-VLOOKUP(J329,'test well RPs'!A:C,3,FALSE) -> 0.316 | Q329: NA
J330: TAC | K330: =(L330-DATE(YEAR(L330),1,0))/365+YEAR(L330) -> 2026.2301 | L330: 46106 | M330: =ROUND(VLOOKUP(J330,'GB VWR July 1_2025'!A$4:C$33,2,FALSE),1) -> 41.5 | N330: 91 | O330: 0.667 | P330: =O330-VLOOKUP(J330,'test well RPs'!A:C,3,FALSE) -> 0.467 | Q330: NA
J331: TAC | K331: =(L331-DATE(YEAR(L331),1,0))/365+YEAR(L331) -> 2026.3096 | L331: 46135 | M331: =ROUND(VLOOKUP(J331,'GB VWR July 1_2025'!A$4:C$33,2,FALSE),1) -> 41.5 | N331: 90.5 | O331: 0.726 | P331: =O331-VLOOKUP(J331,'test well RPs'!A:C,3,FALSE) -> 0.526 | Q331: NA
J332: TAC | K332: =(L332-DATE(YEAR(L332),1,0))/365+YEAR(L332) -> 2026.4027 | L332: 46169 | M332: =ROUND(VLOOKUP(J332,'GB VWR July 1_2025'!A$4:C$33,2,FALSE),1) -> 41.5 | N332: 89.9 | O332: 0.78 | P332: =O332-VLOOKUP(J332,'test well RPs'!A:C,3,FALSE) -> 0.58 | Q332: NA
J333: TS6 | K333: =(L333-DATE(YEAR(L333),1,0))/365+YEAR(L333) -> 2025.4767 | L333: 45831 | M333: =ROUND(VLOOKUP(J333,'GB VWR July 1_2025'!A$4:C$33,2,FALSE),1) -> #N/A | N333: 12.1 | O333: 3.944 | P333: =O333-VLOOKUP(J333,'test well RPs'!A:C,3,FALSE) -> 3.824 | Q333: NA
J334: TS6 | K334: =(L334-DATE(YEAR(L334),1,0))/365+YEAR(L334) -> 2025.5616 | L334: 45862 | M334: =ROUND(VLOOKUP(J334,'GB VWR July 1_2025'!A$4:C$33,2,FALSE),1) -> #N/A | N334: NR | O334: 4.337 | P334: =O334-VLOOKUP(J334,'test well RPs'!A:C,3,FALSE) -> 4.217 | Q334: NA
J335: TS6 | K335: =(L335-DATE(YEAR(L335),1,0))/365+YEAR(L335) -> 2025.6384 | L335: 45890 | M335: =ROUND(VLOOKUP(J335,'GB VWR July 1_2025'!A$4:C$33,2,FALSE),1) -> #N/A | N335: NR | O335: 4.585 | P335: =O335-VLOOKUP(J335,'test well RPs'!A:C,3,FALSE) -> 4.465 | Q335: NA
J336: TS6 | K336: =(L336-DATE(YEAR(L336),1,0))/365+YEAR(L336) -> 2025.7288 | L336: 45923 | M336: =ROUND(VLOOKUP(J336,'GB VWR July 1_2025'!A$4:C$33,2,FALSE),1) -> #N/A | N336: 7.8 | O336: 4.62 | P336: =O336-VLOOKUP(J336,'test well RPs'!A:C,3,FALSE) -> 4.5 | Q336: NA
J337: TS6 | K337: =(L337-DATE(YEAR(L337),1,0))/365+YEAR(L337) -> 2025.8219 | L337: 45957 | M337: =ROUND(VLOOKUP(J337,'GB VWR July 1_2025'!A$4:C$33,2,FALSE),1) -> #N/A | N337: NR | O337: 4.332 | P337: =O337-VLOOKUP(J337,'test well RPs'!A:C,3,FALSE) -> 4.212 | Q337: NA
J338: TS6 | K338: =(L338-DATE(YEAR(L338),1,0))/365+YEAR(L338) -> 2025.8986 | L338: 45985 | M338: =ROUND(VLOOKUP(J338,'GB VWR July 1_2025'!A$4:C$33,2,FALSE),1) -> #N/A | N338: 9.6 | O338: 4.033 | P338: =O338-VLOOKUP(J338,'test well RPs'!A:C,3,FALSE) -> 3.913 | Q338: NA
J339: TS6 | K339: =(L339-DATE(YEAR(L339),1,0))/365+YEAR(L339) -> 2025.9671 | L339: 46010 | M339: =ROUND(VLOOKUP(J339,'GB VWR July 1_2025'!A$4:C$33,2,FALSE),1) -> #N/A | N339: NR | O339: 3.746 | P339: =O339-VLOOKUP(J339,'test well RPs'!A:C,3,FALSE) -> 3.626 | Q339: NA
J340: TS6 | K340: =(L340-DATE(YEAR(L340),1,0))/365+YEAR(L340) -> 2026.0712 | L340: 46048 | M340: =ROUND(VLOOKUP(J340,'GB VWR July 1_2025'!A$4:C$33,2,FALSE),1) -> #N/A | N340: 18.4 | O340: 3.413 | P340: =O340-VLOOKUP(J340,'test well RPs'!A:C,3,FALSE) -> 3.293 | Q340: NA
J341: TS6 | K341: =(L341-DATE(YEAR(L341),1,0))/365+YEAR(L341) -> 2026.1397 | L341: 46073 | M341: =ROUND(VLOOKUP(J341,'GB VWR July 1_2025'!A$4:C$33,2,FALSE),1) -> #N/A | N341: NR | O341: 3.255 | P341: =O341-VLOOKUP(J341,'test well RPs'!A:C,3,FALSE) -> 3.135 | Q341: NA
J342: TS6 | K342: =(L342-DATE(YEAR(L342),1,0))/365+YEAR(L342) -> 2026.2329 | L342: 46107 | M342: =ROUND(VLOOKUP(J342,'GB VWR July 1_2025'!A$4:C$33,2,FALSE),1) -> #N/A | N342: 20.4 | O342: 3.074 | P342: =O342-VLOOKUP(J342,'test well RPs'!A:C,3,FALSE) -> 2.954 | Q342: NA
J343: TS6 | K343: =(L343-DATE(YEAR(L343),1,0))/365+YEAR(L343) -> 2026.3205 | L343: 46139 | M343: =ROUND(VLOOKUP(J343,'GB VWR July 1_2025'!A$4:C$33,2,FALSE),1) -> #N/A | N343: 18.9 | O343: 3.099 | P343: =O343-VLOOKUP(J343,'test well RPs'!A:C,3,FALSE) -> 2.979 | Q343: NA
J344: TS6 | K344: =(L344-DATE(YEAR(L344),1,0))/365+YEAR(L344) -> 2026.3863 | L344: 46163 | M344: =ROUND(VLOOKUP(J344,'GB VWR July 1_2025'!A$4:C$33,2,FALSE),1) -> #N/A | N344: NR | O344: 3.375 | P344: =O344-VLOOKUP(J344,'test well RPs'!A:C,3,FALSE) -> 3.255 | Q344: NA
J346: BC1 | K346: =(L346-DATE(YEAR(L346),1,0))/365+YEAR(L346) -> 2025.5562 | L346: 45860 | M346: =ROUND(VLOOKUP(J346,'GB VWR July 1_2025'!A$4:C$33,2,FALSE),1) -> 22.3 | N346: NR | O346: 2.541 | P346: =O346-VLOOKUP(J346,'test well RPs'!A:C,3,FALSE) -> 2.471 | Q346: NA
J347: BC1 | K347: =(L347-DATE(YEAR(L347),1,0))/365+YEAR(L347) -> 2025.6384 | L347: 45890 | M347: =ROUND(VLOOKUP(J347,'GB VWR July 1_2025'!A$4:C$33,2,FALSE),1) -> 22.3 | N347: NR | O347: 2.622 | P347: =O347-VLOOKUP(J347,'test well RPs'!A:C,3,FALSE) -> 2.552 | Q347: NA
J348: BC1 | K348: =(L348-DATE(YEAR(L348),1,0))/365+YEAR(L348) -> 2025.811 | L348: 45953 | M348: =ROUND(VLOOKUP(J348,'GB VWR July 1_2025'!A$4:C$33,2,FALSE),1) -> 22.3 | N348: NR | O348: 2.777 | P348: =O348-VLOOKUP(J348,'test well RPs'!A:C,3,FALSE) -> 2.707 | Q348: NA
J349: BC1 | K349: =(L349-DATE(YEAR(L349),1,0))/365+YEAR(L349) -> 2025.9671 | L349: 46010 | M349: =ROUND(VLOOKUP(J349,'GB VWR July 1_2025'!A$4:C$33,2,FALSE),1) -> 22.3 | N349: NR | O349: 2.733 | P349: =O349-VLOOKUP(J349,'test well RPs'!A:C,3,FALSE) -> 2.663 | Q349: NA
J350: BC1 | K350: =(L350-DATE(YEAR(L350),1,0))/365+YEAR(L350) -> 2026.1534 | L350: 46078 | M350: =ROUND(VLOOKUP(J350,'GB VWR July 1_2025'!A$4:C$33,2,FALSE),1) -> 22.3 | N350: NR | O350: 2.58 | P350: =O350-VLOOKUP(J350,'test well RPs'!A:C,3,FALSE) -> 2.51 | Q350: NA
J351: BC1 | K351: =(L351-DATE(YEAR(L351),1,0))/365+YEAR(L351) -> 2026.4 | L351: 46168 | M351: =ROUND(VLOOKUP(J351,'GB VWR July 1_2025'!A$4:C$33,2,FALSE),1) -> 22.3 | N351: NR | O351: 2.475 | P351: =O351-VLOOKUP(J351,'test well RPs'!A:C,3,FALSE) -> 2.405 | Q351: NA
J352: BC2 | K352: =(L352-DATE(YEAR(L352),1,0))/365+YEAR(L352) -> 2025.5562 | L352: 45860 | M352: =ROUND(VLOOKUP(J352,'GB VWR July 1_2025'!A$4:C$33,2,FALSE),1) -> 19.1 | N352: NR | O352: 4.216 | P352: =O352-VLOOKUP(J352,'test well RPs'!A:C,3,FALSE) -> 4.016 | Q352: NA
J353: BC2 | K353: =(L353-DATE(YEAR(L353),1,0))/365+YEAR(L353) -> 2025.6384 | L353: 45890 | M353: =ROUND(VLOOKUP(J353,'GB VWR July 1_2025'!A$4:C$33,2,FALSE),1) -> 19.1 | N353: NR | O353: 4.276 | P353: =O353-VLOOKUP(J353,'test well RPs'!A:C,3,FALSE) -> 4.076 | Q353: NA
J354: BC2 | K354: =(L354-DATE(YEAR(L354),1,0))/365+YEAR(L354) -> 2025.811 | L354: 45953 | M354: =ROUND(VLOOKUP(J354,'GB VWR July 1_2025'!A$4:C$33,2,FALSE),1) -> 19.1 | N354: NR | O354: 4.399 | P354: =O354-VLOOKUP(J354,'test well RPs'!A:C,3,FALSE) -> 4.199 | Q354: NA
J355: BC2 | K355: =(L355-DATE(YEAR(L355),1,0))/365+YEAR(L355) -> 2025.9671 | L355: 46010 | M355: =ROUND(VLOOKUP(J355,'GB VWR July 1_2025'!A$4:C$33,2,FALSE),1) -> 19.1 | N355: NR | O355: 4.294 | P355: =O355-VLOOKUP(J355,'test well RPs'!A:C,3,FALSE) -> 4.094 | Q355: NA
J356: BC2 | K356: =(L356-DATE(YEAR(L356),1,0))/365+YEAR(L356) -> 2026.1534 | L356: 46078 | M356: =ROUND(VLOOKUP(J356,'GB VWR July 1_2025'!A$4:C$33,2,FALSE),1) -> 19.1 | N356: NR | O356: 4.185 | P356: =O356-VLOOKUP(J356,'test well RPs'!A:C,3,FALSE) -> 3.985 | Q356: NA
... J387: TSC | K387: =(L387-DATE(YEAR(L387),1,0))/365+YEAR(L387) -> 2026.4055 | L387: 46170 | M387: =ROUND(VLOOKUP(J387,'GB VWR July 1_2025'!A$4:C$33,2,FALSE),1) -> 6.3 | N387: NR | O387: 1.598 | P387: =O387-VLOOKUP(J387,'test well RPs'!A:C,3,FALSE) -> 1.438 | Q387: NA

Sheet awc_vwr
A1: Site | B1: Date_Julian | C1: Date | D1: VWR_veg | E1: Adj AWC_soil
A2: BC1 | B2: 1988.67 | C2: =DATE(B2,1,1)+MOD(B2,1)*364 -> 32386.88 | D2: 11.6 | E2: 9.8
A3: BC1 | B3: 1988.76 | C3: =DATE(B3,1,1)+MOD(B3,1)*364 -> 32419.64 | D3: 11.6 | E3: 9.8
A4: BC1 | B4: 1988.86 | C4: =DATE(B4,1,1)+MOD(B4,1)*364 -> 32456.04 | D4: 11.6 | E4: 9.7
A5: BC1 | B5: 1988.94 | C5: =DATE(B5,1,1)+MOD(B5,1)*364 -> 32485.16 | D5: 11.6 | E5: 10.2
A6: BC1 | B6: 1989.16 | C6: =DATE(B6,1,1)+MOD(B6,1)*364 -> 32567.24 | D6: 11.6 | E6: 8.3
A7: BC1 | B7: 1989.24 | C7: =DATE(B7,1,1)+MOD(B7,1)*364 -> 32596.36 | D7: 11.6 | E7: 12.2
A8: BC1 | B8: 1989.33 | C8: =DATE(B8,1,1)+MOD(B8,1)*364 -> 32629.12 | D8: 11.6 | E8: 11.1
A9: BC1 | B9: 1989.41 | C9: =DATE(B9,1,1)+MOD(B9,1)*364 -> 32658.24 | D9: 11.6 | E9: 12.1
A10: BC1 | B10: 1989.49 | C10: =DATE(B10,1,1)+MOD(B10,1)*364 -> 32687.36 | D10: 9.1 | E10: 12.3
A11: BC1 | B11: 1989.58 | C11: =DATE(B11,1,1)+MOD(B11,1)*364 -> 32720.12 | D11: 9.1 | E11: 11.8
A12: BC1 | B12: 1989.66 | C12: =DATE(B12,1,1)+MOD(B12,1)*364 -> 32749.24 | D12: 9.1 | E12: 12.1
A13: BC1 | B13: 1989.75 | C13: =DATE(B13,1,1)+MOD(B13,1)*364 -> 32782 | D13: 9.1 | E13: 12.8
... A294: BC1 | B294: 2023.9068 | C294: =DATE(B294,1,1)+MOD(B294,1)*364 -> 45257.093 | D294: 30.4 | E294: 99.3
A295: BC1 | B295: =(C295-DATE(YEAR(C295),1,0))/365+YEAR(C295) -> 2024.063 | C295: 45314 | D295: 30.4 | E295: 101
A296: BC1 | B296: =(C296-DATE(YEAR(C296),1,0))/365+YEAR(C296) -> 2024.2192 | C296: 45371 | D296: 30.4 | E296: 105.1
A297: BC1 | B297: =(C297-DATE(YEAR(C297),1,0))/365+YEAR(C297) -> 2024.3123 | C297: 45405 | D297: 30.4 | E297: 106.9
A298: BC1 | B298: =(C298-DATE(YEAR(C298),1,0))/365+YEAR(C298) -> 2024.4849 | C298: 45468 | D298: 32.8 | E298: 94
A299: BC1 | B299: =(C299-DATE(YEAR(C299),1,0))/365+YEAR(C299) -> 2024.7205 | C299: 45554 | D299: 32.8 | E299: 81.6
A300: BC1 | B300: =(C300-DATE(YEAR(C300),1,0))/365+YEAR(C300) -> 2024.8877 | C300: 45615 | D300: 32.8 | E300: 80.3
A301: BC1 | B301: =(C301-DATE(YEAR(C301),1,0))/365+YEAR(C301) -> 2025.0767 | C301: 45685 | D301: 32.8 | E301: 81.2
A302: BC1 | B302: =(C302-DATE(YEAR(C302),1,0))/365+YEAR(C302) -> 2025.2329 | C302: 45742 | D302: 32.8 | E302: 86.2
A303: BC1 | B303: =(C303-DATE(YEAR(C303),1,0))/365+YEAR(C303) -> 2025.3041 | C303: 45768 | D303: 32.8 | E303: 85.9
A304: BC1 | B304: =(C304-DATE(YEAR(C304),1,0))/365+YEAR(C304) -> 2025.4849 | C304: 45834 | D304: 22.3 | E304: 76.9
A305: BC1 | B305: =(C305-DATE(YEAR(C305),1,0))/365+YEAR(C305) -> 2025.7315 | C305: 45924 | D305: 22.3 | E305: 67.8
A306: BC1 | B306: =(C306-DATE(YEAR(C306),1,0))/365+YEAR(C306) -> 2025.8849 | C306: 45980 | D306: 22.3 | E306: 72.9
... A309: BC1 | B309: =(C309-DATE(YEAR(C309),1,0))/365+YEAR(C309) -> 2026.3041 | C309: 46133 | D309: 22.3 | E309: 78.5
A310: BC2 | B310: 1989.33 | C310: =DATE(B310,1,1)+MOD(B310,1)*364 -> 32629.12 | D310: 18.3 | E310: 21.3
A311: BC2 | B311: 1989.41 | C311: =DATE(B311,1,1)+MOD(B311,1)*364 -> 32658.24 | D311: 18.3 | E311: 18.8
A312: BC2 | B312: 1989.49 | C312: =DATE(B312,1,1)+MOD(B312,1)*364 -> 32687.36 | D312: 18.3 | E312: 20.4
A313: BC2 | B313: 1989.58 | C313: =DATE(B313,1,1)+MOD(B313,1)*364 -> 32720.12 | D313: 18.3 | E313: 16.2
A314: BC2 | B314: 1989.66 | C314: =DATE(B314,1,1)+MOD(B314,1)*364 -> 32749.24 | D314: 18.3 | E314: 16.7
A315: BC2 | B315: 1989.75 | C315: =DATE(B315,1,1)+MOD(B315,1)*364 -> 32782 | D315: 18.3 | E315: 18.2
A316: BC2 | B316: 1989.83 | C316: =DATE(B316,1,1)+MOD(B316,1)*364 -> 32811.12 | D316: 18.3 | E316: 26.2
A317: BC2 | B317: 1989.91 | C317: =DATE(B317,1,1)+MOD(B317,1)*364 -> 32840.24 | D317: 18.3 | E317: 28.4
A318: BC2 | B318: 1990.16 | C318: =DATE(B318,1,1)+MOD(B318,1)*364 -> 32932.24 | D318: 18.3 | E318: 30.7
A319: BC2 | B319: 1990.24 | C319: =DATE(B319,1,1)+MOD(B319,1)*364 -> 32961.36 | D319: 18.3 | E319: 26.6
A320: BC2 | B320: 1990.33 | C320: =DATE(B320,1,1)+MOD(B320,1)*364 -> 32994.12 | D320: 18.3 | E320: 22.6
A321: BC2 | B321: 1990.41 | C321: =DATE(B321,1,1)+MOD(B321,1)*364 -> 33023.24 | D321: 18.3 | E321: 18.8
... A587: BC2 | B587: 2023.9068 | C587: =DATE(B587,1,1)+MOD(B587,1)*364 -> 45257.093 | D587: 30.4 | E587: 48.3
A588: BC2 | B588: =(C588-DATE(YEAR(C588),1,0))/365+YEAR(C588) -> 2024.063 | C588: 45314 | D588: 30.4 | E588: 57.1
A589: BC2 | B589: =(C589-DATE(YEAR(C589),1,0))/365+YEAR(C589) -> 2024.2192 | C589: 45371 | D589: 30.4 | E589: 60.8
A590: BC2 | B590: =(C590-DATE(YEAR(C590),1,0))/365+YEAR(C590) -> 2024.3123 | C590: 45405 | D590: 30.4 | E590: 60.1
A591: BC2 | B591: =(C591-DATE(YEAR(C591),1,0))/365+YEAR(C591) -> 2024.4877 | C591: 45469 | D591: 41.6 | E591: 56.4
A592: BC2 | B592: =(C592-DATE(YEAR(C592),1,0))/365+YEAR(C592) -> 2024.7205 | C592: 45554 | D592: 41.6 | E592: 47.3
A593: BC2 | B593: =(C593-DATE(YEAR(C593),1,0))/365+YEAR(C593) -> 2024.8877 | C593: 45615 | D593: 41.6 | E593: 47.6
A594: BC2 | B594: =(C594-DATE(YEAR(C594),1,0))/365+YEAR(C594) -> 2025.0767 | C594: 45685 | D594: 41.6 | E594: 49.5
A595: BC2 | B595: =(C595-DATE(YEAR(C595),1,0))/365+YEAR(C595) -> 2025.2329 | C595: 45742 | D595: 41.6 | E595: 48.1
A596: BC2 | B596: =(C596-DATE(YEAR(C596),1,0))/365+YEAR(C596) -> 2025.3041 | C596: 45768 | D596: 41.6 | E596: 46.7
A597: BC2 | B597: =(C597-DATE(YEAR(C597),1,0))/365+YEAR(C597) -> 2025.4849 | C597: 45834 | D597: 19.1 | E597: 38
A598: BC2 | B598: =(C598-DATE(YEAR(C598),1,0))/365+YEAR(C598) -> 2025.7315 | C598: 45924 | D598: 19.1 | E598: 34.7
A599: BC2 | B599: =(C599-DATE(YEAR(C599),1,0))/365+YEAR(C599) -> 2025.8849 | C599: 45980 | D599: 19.1 | E599: 37.8
... A602: BC2 | B602: =(C602-DATE(YEAR(C602),1,0))/365+YEAR(C602) -> 2026.3041 | C602: 46133 | D602: 19.1 | E602: 42.6
A603: BC3 | B603: 1989.33 | C603: =DATE(B603,1,1)+MOD(B603,1)*364 -> 32629.12 | D603: 19.8 | E603: 16.7
A604: BC3 | B604: 1989.41 | C604: =DATE(B604,1,1)+MOD(B604,1)*364 -> 32658.24 | D604: 19.8 | E604: 16.1
A605: BC3 | B605: 1989.49 | C605: =DATE(B605,1,1)+MOD(B605,1)*364 -> 32687.36 | D605: 19.8 | E605: 15.2
A606: BC3 | B606: 1989.58 | C606: =DATE(B606,1,1)+MOD(B606,1)*364 -> 32720.12 | D606: 19.8 | E606: 15.5
A607: BC3 | B607: 1989.66 | C607: =DATE(B607,1,1)+MOD(B607,1)*364 -> 32749.24 | D607: 19.8 | E607: 15.3
A608: BC3 | B608: 1989.75 | C608: =DATE(B608,1,1)+MOD(B608,1)*364 -> 32782 | D608: 19.8 | E608: 17.5
A609: BC3 | B609: 1989.83 | C609: =DATE(B609,1,1)+MOD(B609,1)*364 -> 32811.12 | D609: 19.8 | E609: 23
A610: BC3 | B610: 1989.91 | C610: =DATE(B610,1,1)+MOD(B610,1)*364 -> 32840.24 | D610: 19.8 | E610: 20.7
A611: BC3 | B611: 1990 | C611: =DATE(B611,1,1)+MOD(B611,1)*364 -> 32874 | D611: 19.8 | E611: 22.5
A612: BC3 | B612: 1990.08 | C612: =DATE(B612,1,1)+MOD(B612,1)*364 -> 32903.12 | D612: 19.8 | E612: 24.8
A613: BC3 | B613: 1990.16 | C613: =DATE(B613,1,1)+MOD(B613,1)*364 -> 32932.24 | D613: 19.8 | E613: 26.1
A614: BC3 | B614: 1990.24 | C614: =DATE(B614,1,1)+MOD(B614,1)*364 -> 32961.36 | D614: 19.8 | E614: 17.6
... A878: BC3 | B878: 2023.9068 | C878: =DATE(B878,1,1)+MOD(B878,1)*364 -> 45257.093 | D878: 22.3 | E878: 45.9
A879: BC3 | B879: =(C879-DATE(YEAR(C879),1,0))/365+YEAR(C879) -> 2024.063 | C879: 45314 | D879: 22.3 | E879: 50.2
A880: BC3 | B880: =(C880-DATE(YEAR(C880),1,0))/365+YEAR(C880) -> 2024.2192 | C880: 45371 | D880: 22.3 | E880: 54
A881: BC3 | B881: =(C881-DATE(YEAR(C881),1,0))/365+YEAR(C881) -> 2024.3123 | C881: 45405 | D881: 22.3 | E881: 54.2
A882: BC3 | B882: =(C882-DATE(YEAR(C882),1,0))/365+YEAR(C882) -> 2024.4877 | C882: 45469 | D882: 22.5 | E882: 44.5
A883: BC3 | B883: =(C883-DATE(YEAR(C883),1,0))/365+YEAR(C883) -> 2024.7205 | C883: 45554 | D883: 22.5 | E883: 42.6
A884: BC3 | B884: =(C884-DATE(YEAR(C884),1,0))/365+YEAR(C884) -> 2024.8877 | C884: 45615 | D884: 22.5 | E884: 43.6
A885: BC3 | B885: =(C885-DATE(YEAR(C885),1,0))/365+YEAR(C885) -> 2025.0767 | C885: 45685 | D885: 22.5 | E885: 51.7
A886: BC3 | B886: =(C886-DATE(YEAR(C886),1,0))/365+YEAR(C886) -> 2025.2329 | C886: 45742 | D886: 22.5 | E886: 51.9
A887: BC3 | B887: =(C887-DATE(YEAR(C887),1,0))/365+YEAR(C887) -> 2025.3041 | C887: 45768 | D887: 22.5 | E887: 53.6
A888: BC3 | B888: =(C888-DATE(YEAR(C888),1,0))/365+YEAR(C888) -> 2025.4849 | C888: 45834 | D888: 18 | E888: 42.5
A889: BC3 | B889: =(C889-DATE(YEAR(C889),1,0))/365+YEAR(C889) -> 2025.7315 | C889: 45924 | D889: 18 | E889: 37.7
A890: BC3 | B890: =(C890-DATE(YEAR(C890),1,0))/365+YEAR(C890) -> 2025.8849 | C890: 45980 | D890: 18 | E890: 42.8
... A893: BC3 | B893: =(C893-DATE(YEAR(C893),1,0))/365+YEAR(C893) -> 2026.3041 | C893: 46133 | D893: 18 | E893: 47.1
A894: BG2 | B894: 1988.67 | C894: =DATE(B894,1,1)+MOD(B894,1)*364 -> 32386.88 | D894: 4.3 | E894: 14.9
A895: BG2 | B895: 1988.76 | C895: =DATE(B895,1,1)+MOD(B895,1)*364 -> 32419.64 | D895: 4.3 | E895: 9.6
A896: BG2 | B896: 1988.86 | C896: =DATE(B896,1,1)+MOD(B896,1)*364 -> 32456.04 | D896: 4.3 | E896: 10
A897: BG2 | B897: 1988.94 | C897: =DATE(B897,1,1)+MOD(B897,1)*364 -> 32485.16 | D897: 4.3 | E897: 12.7
A898: BG2 | B898: 1989.02 | C898: =DATE(B898,1,1)+MOD(B898,1)*364 -> 32516.28 | D898: 4.3 | E898: 14.3
A899: BG2 | B899: 1989.16 | C899: =DATE(B899,1,1)+MOD(B899,1)*364 -> 32567.24 | D899: 4.3 | E899: 15.8
A900: BG2 | B900: 1989.24 | C900: =DATE(B900,1,1)+MOD(B900,1)*364 -> 32596.36 | D900: 4.3 | E900: 14.2
A901: BG2 | B901: 1989.33 | C901: =DATE(B901,1,1)+MOD(B901,1)*364 -> 32629.12 | D901: 4.3 | E901: 16.7
A902: BG2 | B902: 1989.41 | C902: =DATE(B902,1,1)+MOD(B902,1)*364 -> 32658.24 | D902: 4.3 | E902: 8.3
A903: BG2 | B903: 1989.49 | C903: =DATE(B903,1,1)+MOD(B903,1)*364 -> 32687.36 | D903: 4.3 | E903: 4.3
A904: BG2 | B904: 1989.58 | C904: =DATE(B904,1,1)+MOD(B904,1)*364 -> 32720.12 | D904: 4.3 | E904: 0.5
A905: BG2 | B905: 1989.66 | C905: =DATE(B905,1,1)+MOD(B905,1)*364 -> 32749.24 | D905: 4.3 | E905: 11.8
... A1312: BG2 | B1312: 2023.9863 | C1312: =DATE(B1312,1,1)+MOD(B1312,1)*364 -> 45286.014 | D1312: 16.8 | E1312: 68.5
A1313: BG2 | B1313: =(C1313-DATE(YEAR(C1313),1,0))/365+YEAR(C1313) -> 2024.0795 | C1313: 45320 | D1313: 16.8 | E1313: 72
A1314: BG2 | B1314: =(C1314-DATE(YEAR(C1314),1,0))/365+YEAR(C1314) -> 2024.1589 | C1314: 45349 | D1314: 16.8 | E1314: 74.2
A1315: BG2 | B1315: =(C1315-DATE(YEAR(C1315),1,0))/365+YEAR(C1315) -> 2024.2219 | C1315: 45372 | D1315: 16.8 | E1315: 73.2
A1316: BG2 | B1316: =(C1316-DATE(YEAR(C1316),1,0))/365+YEAR(C1316) -> 2024.3288 | C1316: 45411 | D1316: 16.8 | E1316: 70
A1317: BG2 | B1317: =(C1317-DATE(YEAR(C1317),1,0))/365+YEAR(C1317) -> 2024.3918 | C1317: 45434 | D1317: 16.8 | E1317: 69.4
A1318: BG2 | B1318: =(C1318-DATE(YEAR(C1318),1,0))/365+YEAR(C1318) -> 2024.4685 | C1318: 45462 | D1318: 14.3 | E1318: 63.7
A1319: BG2 | B1319: =(C1319-DATE(YEAR(C1319),1,0))/365+YEAR(C1319) -> 2024.5781 | C1319: 45502 | D1319: 14.3 | E1319: 54.6
A1320: BG2 | B1320: =(C1320-DATE(YEAR(C1320),1,0))/365+YEAR(C1320) -> 2024.6658 | C1320: 45534 | D1320: 14.3 | E1320: 48.2
...

Sheet dtw
A1: Site | B1: Date_Julian | C1: Date | D1: DTW_BGS
A2: BC1 | B2: 1995.57 | C2: =DATE(B2,1,1)+MOD(B2,1)*364 -> 34907.48 | D2: 3.35
A3: BC1 | B3: 1995.66 | C3: =DATE(B3,1,1)+MOD(B3,1)*364 -> 34940.24 | D3: 3.48
A4: BC1 | B4: 1995.74 | C4: =DATE(B4,1,1)+MOD(B4,1)*364 -> 34969.36 | D4: 3.49
A5: BC1 | B5: 1995.83 | C5: =DATE(B5,1,1)+MOD(B5,1)*364 -> 35002.12 | D5: 3.46
A6: BC1 | B6: 1995.91 | C6: =DATE(B6,1,1)+MOD(B6,1)*364 -> 35031.24 | D6: 3.38
A7: BC1 | B7: 1995.99 | C7: =DATE(B7,1,1)+MOD(B7,1)*364 -> 35060.36 | D7: 3.33
A8: BC1 | B8: 1996.08 | C8: =DATE(B8,1,1)+MOD(B8,1)*364 -> 35094.12 | D8: 3.25
A9: BC1 | B9: 1996.16 | C9: =DATE(B9,1,1)+MOD(B9,1)*364 -> 35123.24 | D9: 3.23
A10: BC1 | B10: 1996.24 | C10: =DATE(B10,1,1)+MOD(B10,1)*364 -> 35152.36 | D10: 3.12
A11: BC1 | B11: 1996.33 | C11: =DATE(B11,1,1)+MOD(B11,1)*364 -> 35185.12 | D11: 3.1
A12: BC1 | B12: 1996.41 | C12: =DATE(B12,1,1)+MOD(B12,1)*364 -> 35214.24 | D12: 3.1
A13: BC1 | B13: 1996.49 | C13: =DATE(B13,1,1)+MOD(B13,1)*364 -> 35243.36 | D13: 3.29
... A338: BC1 | B338: 2023.9699 | C338: =DATE(B338,1,1)+MOD(B338,1)*364 -> 45280.03 | D338: 1.347
A339: BC1 | B339: =(C339-DATE(YEAR(C339),1,0))/365+YEAR(C339) -> 2024.063 | C339: 45314 | D339: 1.39
A340: BC1 | B340: =(C340-DATE(YEAR(C340),1,0))/365+YEAR(C340) -> 2024.1452 | C340: 45344 | D340: 1.112
A341: BC1 | B341: =(C341-DATE(YEAR(C341),1,0))/365+YEAR(C341) -> 2024.2192 | C341: 45371 | D341: 1.163
A342: BC1 | B342: =(C342-DATE(YEAR(C342),1,0))/365+YEAR(C342) -> 2024.3123 | C342: 45405 | D342: 0.904
A343: BC1 | B343: =(C343-DATE(YEAR(C343),1,0))/365+YEAR(C343) -> 2024.4082 | C343: 45440 | D343: 1.294
A344: BC1 | B344: =(C344-DATE(YEAR(C344),1,0))/365+YEAR(C344) -> 2024.4849 | C344: 45468 | D344: 1.567
A345: BC1 | B345: =(C345-DATE(YEAR(C345),1,0))/365+YEAR(C345) -> 2024.5616 | C345: 45496 | D345: 1.755
A346: BC1 | B346: =(C346-DATE(YEAR(C346),1,0))/365+YEAR(C346) -> 2024.6575 | C346: 45531 | D346: 1.941
A347: BC1 | B347: =(C347-DATE(YEAR(C347),1,0))/365+YEAR(C347) -> 2024.7205 | C347: 45554 | D347: 2.032
A348: BC1 | B348: =(C348-DATE(YEAR(C348),1,0))/365+YEAR(C348) -> 2024.8137 | C348: 45588 | D348: 2.142
A349: BC1 | B349: =(C349-DATE(YEAR(C349),1,0))/365+YEAR(C349) -> 2024.8877 | C349: 45615 | D349: 2.171
A350: BC1 | B350: =(C350-DATE(YEAR(C350),1,0))/365+YEAR(C350) -> 2024.9699 | C350: 45645 | D350: 2.192
... A367: BC1 | B367: =(C367-DATE(YEAR(C367),1,0))/365+YEAR(C367) -> 2026.4 | C367: 46168 | D367: 2.405
A368: BC2 | B368: 1989.3 | C368: =DATE(B368,1,1)+MOD(B368,1)*364 -> 32618.2 | D368: 4.74
A369: BC2 | B369: 1989.39 | C369: =DATE(B369,1,1)+MOD(B369,1)*364 -> 32650.96 | D369: 4.52
A370: BC2 | B370: 1989.49 | C370: =DATE(B370,1,1)+MOD(B370,1)*364 -> 32687.36 | D370: 4.68
A371: BC2 | B371: 1989.57 | C371: =DATE(B371,1,1)+MOD(B371,1)*364 -> 32716.48 | D371: 4.66
A372: BC2 | B372: 1989.66 | C372: =DATE(B372,1,1)+MOD(B372,1)*364 -> 32749.24 | D372: 4.8
A373: BC2 | B373: 1989.74 | C373: =DATE(B373,1,1)+MOD(B373,1)*364 -> 32778.36 | D373: 4.77
A374: BC2 | B374: 1989.81 | C374: =DATE(B374,1,1)+MOD(B374,1)*364 -> 32803.84 | D374: 4.76
A375: BC2 | B375: 1989.91 | C375: =DATE(B375,1,1)+MOD(B375,1)*364 -> 32840.24 | D375: 4.69
A376: BC2 | B376: 1989.97 | C376: =DATE(B376,1,1)+MOD(B376,1)*364 -> 32862.08 | D376: 4.62
A377: BC2 | B377: 1990.08 | C377: =DATE(B377,1,1)+MOD(B377,1)*364 -> 32903.12 | D377: 4.54
A378: BC2 | B378: 1990.16 | C378: =DATE(B378,1,1)+MOD(B378,1)*364 -> 32932.24 | D378: 4.54
A379: BC2 | B379: 1990.24 | C379: =DATE(B379,1,1)+MOD(B379,1)*364 -> 32961.36 | D379: 4.35
... A782: BC2 | B782: 2023.9699 | C782: =DATE(B782,1,1)+MOD(B782,1)*364 -> 45280.03 | D782: 2.309
A783: BC2 | B783: =(C783-DATE(YEAR(C783),1,0))/365+YEAR(C783) -> 2024.063 | C783: 45314 | D783: 2.221
A784: BC2 | B784: =(C784-DATE(YEAR(C784),1,0))/365+YEAR(C784) -> 2024.1452 | C784: 45344 | D784: 2.111
A785: BC2 | B785: =(C785-DATE(YEAR(C785),1,0))/365+YEAR(C785) -> 2024.2192 | C785: 45371 | D785: 2.294
A786: BC2 | B786: =(C786-DATE(YEAR(C786),1,0))/365+YEAR(C786) -> 2024.3123 | C786: 45405 | D786: 2.299
A787: BC2 | B787: =(C787-DATE(YEAR(C787),1,0))/365+YEAR(C787) -> 2024.4082 | C787: 45440 | D787: 2.368
A788: BC2 | B788: =(C788-DATE(YEAR(C788),1,0))/365+YEAR(C788) -> 2024.4877 | C788: 45469 | D788: 2.664
A789: BC2 | B789: =(C789-DATE(YEAR(C789),1,0))/365+YEAR(C789) -> 2024.5616 | C789: 45496 | D789: 2.831
A790: BC2 | B790: =(C790-DATE(YEAR(C790),1,0))/365+YEAR(C790) -> 2024.6575 | C790: 45531 | D790: 3.11
A791: BC2 | B791: =(C791-DATE(YEAR(C791),1,0))/365+YEAR(C791) -> 2024.7205 | C791: 45554 | D791: 3.145
A792: BC2 | B792: =(C792-DATE(YEAR(C792),1,0))/365+YEAR(C792) -> 2024.8137 | C792: 45588 | D792: 3.199
A793: BC2 | B793: =(C793-DATE(YEAR(C793),1,0))/365+YEAR(C793) -> 2024.8877 | C793: 45615 | D793: 3.233
A794: BC2 | B794: =(C794-DATE(YEAR(C794),1,0))/365+YEAR(C794) -> 2024.9699 | C794: 45645 | D794: 3.335
... A811: BC2 | B811: =(C811-DATE(YEAR(C811),1,0))/365+YEAR(C811) -> 2026.4 | C811: 46168 | D811: 4.04
A812: BC3 | B812: 1989.3 | C812: =DATE(B812,1,1)+MOD(B812,1)*364 -> 32618.2 | D812: 2.51
A813: BC3 | B813: 1989.39 | C813: =DATE(B813,1,1)+MOD(B813,1)*364 -> 32650.96 | D813: 2.3
A814: BC3 | B814: 1989.49 | C814: =DATE(B814,1,1)+MOD(B814,1)*364 -> 32687.36 | D814: 1.9
A815: BC3 | B815: 1989.57 | C815: =DATE(B815,1,1)+MOD(B815,1)*364 -> 32716.48 | D815: 2.26
A816: BC3 | B816: 1989.68 | C816: =DATE(B816,1,1)+MOD(B816,1)*364 -> 32756.52 | D816: 2.44
A817: BC3 | B817: 1989.74 | C817: =DATE(B817,1,1)+MOD(B817,1)*364 -> 32778.36 | D817: 2.15
A818: BC3 | B818: 1989.81 | C818: =DATE(B818,1,1)+MOD(B818,1)*364 -> 32803.84 | D818: 2.27
A819: BC3 | B819: 1989.91 | C819: =DATE(B819,1,1)+MOD(B819,1)*364 -> 32840.24 | D819: 1.9
A820: BC3 | B820: 1989.97 | C820: =DATE(B820,1,1)+MOD(B820,1)*364 -> 32862.08 | D820: 1.7
A821: BC3 | B821: 1990.08 | C821: =DATE(B821,1,1)+MOD(B821,1)*364 -> 32903.12 | D821: 1.4
A822: BC3 | B822: 1990.16 | C822: =DATE(B822,1,1)+MOD(B822,1)*364 -> 32932.24 | D822: 1.36
A823: BC3 | B823: 1990.24 | C823: =DATE(B823,1,1)+MOD(B823,1)*364 -> 32961.36 | D823: 1.47
... A1228: BC3 | B1228: 2023.9699 | C1228: =DATE(B1228,1,1)+MOD(B1228,1)*364 -> 45280.03 | D1228: 1.462
A1229: BC3 | B1229: =(C1229-DATE(YEAR(C1229),1,0))/365+YEAR(C1229) -> 2024.063 | C1229: 45314 | D1229: 1.1
A1230: BC3 | B1230: =(C1230-DATE(YEAR(C1230),1,0))/365+YEAR(C1230) -> 2024.1452 | C1230: 45344 | D1230: 1.036
A1231: BC3 | B1231: =(C1231-DATE(YEAR(C1231),1,0))/365+YEAR(C1231) -> 2024.2192 | C1231: 45371 | D1231: 1.11
A1232: BC3 | B1232: =(C1232-DATE(YEAR(C1232),1,0))/365+YEAR(C1232) -> 2024.3123 | C1232: 45405 | D1232: 1.02
A1233: BC3 | B1233: =(C1233-DATE(YEAR(C1233),1,0))/365+YEAR(C1233) -> 2024.4082 | C1233: 45440 | D1233: 1.266
A1234: BC3 | B1234: =(C1234-DATE(YEAR(C1234),1,0))/365+YEAR(C1234) -> 2024.4877 | C1234: 45469 | D1234: 1.377
A1235: BC3 | B1235: =(C1235-DATE(YEAR(C1235),1,0))/365+YEAR(C1235) -> 2024.5616 | C1235: 45496 | D1235: 1.408
A1236: BC3 | B1236: =(C1236-DATE(YEAR(C1236),1,0))/365+YEAR(C1236) -> 2024.6575 | C1236: 45531 | D1236: 1.553
A1237: BC3 | B1237: =(C1237-DATE(YEAR(C1237),1,0))/365+YEAR(C1237) -> 2024.7205 | C1237: 45554 | D1237: 1.582
A1238: BC3 | B1238: =(C1238-DATE(YEAR(C1238),1,0))/365+YEAR(C1238) -> 2024.8137 | C1238: 45588 | D1238: 1.825
A1239: BC3 | B1239: =(C1239-DATE(YEAR(C1239),1,0))/365+YEAR(C1239) -> 2024.8877 | C1239: 45615 | D1239: 1.526
A1240: BC3 | B1240: =(C1240-DATE(YEAR(C1240),1,0))/365+YEAR(C1240) -> 2024.9699 | C1240: 45645 | D1240: 1.256
... A1257: BC3 | B1257: =(C1257-DATE(YEAR(C1257),1,0))/365+YEAR(C1257) -> 2026.4 | C1257: 46168 | D1257: 1.516
A1258: BG2 | B1258: 1989.3 | C1258: =DATE(B1258,1,1)+MOD(B1258,1)*364 -> 32618.2 | D1258: 8.56
A1259: BG2 | B1259: 1989.49 | C1259: =DATE(B1259,1,1)+MOD(B1259,1)*364 -> 32687.36 | D1259: 7.13
A1260: BG2 | B1260: 1989.57 | C1260: =DATE(B1260,1,1)+MOD(B1260,1)*364 -> 32716.48 | D1260: 6.95
A1261: BG2 | B1261: 1989.66 | C1261: =DATE(B1261,1,1)+MOD(B1261,1)*364 -> 32749.24 | D1261: 6.95
A1262: BG2 | B1262: 1989.74 | C1262: =DATE(B1262,1,1)+MOD(B1262,1)*364 -> 32778.36 | D1262: 7.26
A1263: BG2 | B1263: 1989.81 | C1263: =DATE(B1263,1,1)+MOD(B1263,1)*364 -> 32803.84 | D1263: 7.44
A1264: BG2 | B1264: 1989.91 | C1264: =DATE(B1264,1,1)+MOD(B1264,1)*364 -> 32840.24 | D1264: 7.75
A1265: BG2 | B1265: 1989.97 | C1265: =DATE(B1265,1,1)+MOD(B1265,1)*364 -> 32862.08 | D1265: 7.75
A1266: BG2 | B1266: 1990.08 | C1266: =DATE(B1266,1,1)+MOD(B1266,1)*364 -> 32903.12 | D1266: 7.91
A1267: BG2 | B1267: 1990.16 | C1267: =DATE(B1267,1,1)+MOD(B1267,1)*364 -> 32932.24 | D1267: 7.72
A1268: BG2 | B1268: 1990.24 | C1268: =DATE(B1268,1,1)+MOD(B1268,1)*364 -> 32961.36 | D1268: 7.41
A1269: BG2 | B1269: 1990.32 | C1269: =DATE(B1269,1,1)+MOD(B1269,1)*364 -> 32990.48 | D1269: 7.3
... A1670: BG2 | B1670: 2023.9726 | C1670: =DATE(B1670,1,1)+MOD(B1670,1)*364 -> 45281.027 | D1670: 1.938
A1671: BG2 | B1671: =(C1671-DATE(YEAR(C1671),1,0))/365+YEAR(C1671) -> 2024.0795 | C1671: 45320 | D1671: 1.955
A1672: BG2 | B1672: =(C1672-DATE(YEAR(C1672),1,0))/365+YEAR(C1672) -> 2024.1589 | C1672: 45349 | D1672: 1.968
A1673: BG2 | B1673: =(C1673-DATE(YEAR(C1673),1,0))/365+YEAR(C1673) -> 2024.2219 | C1673: 45372 | D1673: 2.051
A1674: BG2 | B1674: =(C1674-DATE(YEAR(C1674),1,0))/365+YEAR(C1674) -> 2024.3288 | C1674: 45411 | D1674: 2.199
A1675: BG2 | B1675: =(C1675-DATE(YEAR(C1675),1,0))/365+YEAR(C1675) -> 2024.3918 | C1675: 45434 | D1675: 2.316
A1676: BG2 | B1676: =(C1676-DATE(YEAR(C1676),1,0))/365+YEAR(C1676) -> 2024.4685 | C1676: 45462 | D1676: 2.494
A1677: BG2 | B1677: =(C1677-DATE(YEAR(C1677),1,0))/365+YEAR(C1677) -> 2024.5781 | C1677: 45502 | D1677: 2.718
A1678: BG2 | B1678: =(C1678-DATE(YEAR(C1678),1,0))/365+YEAR(C1678) -> 2024.6658 | C1678: 45534 | D1678: 2.899
...

Sheet on.off
A1: Site | B1: Date_Julian | C1: Date | D1: on.off | E1: on1 | F1: on.off.old | G1: on.off.1
A2: TS1 | B2: 1987.67 | C2: =DATE(B2,1,1)+MOD(B2,1)*364 -> 32021.88 | D2: ON | E2: =IF(D2="ON",1,0) -> 1 | F2: =IF(D2="Off",1,0) -> 0 | G2: =IF(D2="Off",10,1) -> 1
A3: BG2 | B3: 1988.67 | C3: =DATE(B3,1,1)+MOD(B3,1)*364 -> 32386.88 | D3: ON | E3: =IF(D3="ON",1,0) -> 1 | F3: =IF(D3="Off",1,0) -> 0 | G3: =IF(D3="Off",10,1) -> 1
A4: BP2 | B4: 1988.67 | C4: =DATE(B4,1,1)+MOD(B4,1)*364 -> 32386.88 | D4: OFF | E4: =IF(D4="ON",1,0) -> 0 | F4: =IF(D4="Off",1,0) -> 1 | G4: =IF(D4="Off",10,1) -> 10
A5: BP3 | B5: 1988.67 | C5: =DATE(B5,1,1)+MOD(B5,1)*364 -> 32386.88 | D5: ON | E5: =IF(D5="ON",1,0) -> 1 | F5: =IF(D5="Off",1,0) -> 0 | G5: =IF(D5="Off",10,1) -> 1
A6: IO1 | B6: 1988.67 | C6: =DATE(B6,1,1)+MOD(B6,1)*364 -> 32386.88 | D6: ON | E6: =IF(D6="ON",1,0) -> 1 | F6: =IF(D6="Off",1,0) -> 0 | G6: =IF(D6="Off",10,1) -> 1
A7: IO2 | B7: 1988.67 | C7: =DATE(B7,1,1)+MOD(B7,1)*364 -> 32386.88 | D7: ON | E7: =IF(D7="ON",1,0) -> 1 | F7: =IF(D7="Off",1,0) -> 0 | G7: =IF(D7="Off",10,1) -> 1
A8: LW1 | B8: 1988.67 | C8: =DATE(B8,1,1)+MOD(B8,1)*364 -> 32386.88 | D8: ON | E8: =IF(D8="ON",1,0) -> 1 | F8: =IF(D8="Off",1,0) -> 0 | G8: =IF(D8="Off",10,1) -> 1
A9: LW2 | B9: 1988.67 | C9: =DATE(B9,1,1)+MOD(B9,1)*364 -> 32386.88 | D9: ON | E9: =IF(D9="ON",1,0) -> 1 | F9: =IF(D9="Off",1,0) -> 0 | G9: =IF(D9="Off",10,1) -> 1
A10: SS1 | B10: 1988.67 | C10: =DATE(B10,1,1)+MOD(B10,1)*364 -> 32386.88 | D10: ON | E10: =IF(D10="ON",1,0) -> 1 | F10: =IF(D10="Off",1,0) -> 0 | G10: =IF(D10="Off",10,1) -> 1
A11: SS2 | B11: 1988.67 | C11: =DATE(B11,1,1)+MOD(B11,1)*364 -> 32386.88 | D11: ON | E11: =IF(D11="ON",1,0) -> 1 | F11: =IF(D11="Off",1,0) -> 0 | G11: =IF(D11="Off",10,1) -> 1
A12: SS3 | B12: 1988.67 | C12: =DATE(B12,1,1)+MOD(B12,1)*364 -> 32386.88 | D12: ON | E12: =IF(D12="ON",1,0) -> 1 | F12: =IF(D12="Off",1,0) -> 0 | G12: =IF(D12="Off",10,1) -> 1
A13: SS4 | B13: 1988.67 | C13: =DATE(B13,1,1)+MOD(B13,1)*364 -> 32386.88 | D13: ON | E13: =IF(D13="ON",1,0) -> 1 | F13: =IF(D13="Off",1,0) -> 0 | G13: =IF(D13="Off",10,1) -> 1
... A211: SS3 | B211: 2021.23 | C211: =DATE(B211,1,1)+MOD(B211,1)*364 -> 44280.72 | D211: ON | E211: =IF(D211="ON",1,0) -> 1 | F211: =IF(D211="Off",1,0) -> 0 | G211: =IF(D211="Off",10,1) -> 1
A212: TS1 | B212: =(C212-DATE(YEAR(C212),1,0))/365+YEAR(C212) -> 2023.0877 | C212: 44958 | D212: ON | E212: =IF(D212="ON",1,0) -> 1 | F212: =IF(D212="Off",1,0) -> 0 | G212: =IF(D212="Off",10,1) -> 1
A213: IO2 | B213: =(C213-DATE(YEAR(C213),1,0))/365+YEAR(C213) -> 2023.0877 | C213: 44958 | D213: ON | E213: =IF(D213="ON",1,0) -> 1 | F213: =IF(D213="Off",1,0) -> 0 | G213: =IF(D213="Off",10,1) -> 1
A214: TA3 | B214: =(C214-DATE(YEAR(C214),1,0))/365+YEAR(C214) -> 2023.2493 | C214: 45017 | D214: ON | E214: =IF(D214="ON",1,0) -> 1 | F214: =IF(D214="Off",1,0) -> 0 | G214: =IF(D214="Off",10,1) -> 1
A215: SS1 | B215: =(C215-DATE(YEAR(C215),1,0))/365+YEAR(C215) -> 2023.2493 | C215: 45017 | D215: ON | E215: =IF(D215="ON",1,0) -> 1 | F215: =IF(D215="Off",1,0) -> 0 | G215: =IF(D215="Off",10,1) -> 1
A216: SS4 | B216: =(C216-DATE(YEAR(C216),1,0))/365+YEAR(C216) -> 2023.2493 | C216: 45017 | D216: ON | E216: =IF(D216="ON",1,0) -> 1 | F216: =IF(D216="Off",1,0) -> 0 | G216: =IF(D216="Off",10,1) -> 1
A217: IO1 | B217: =(C217-DATE(YEAR(C217),1,0))/365+YEAR(C217) -> 2024.2521 | C217: 45383 | D217: ON | E217: =IF(D217="ON",1,0) -> 1 | F217: =IF(D217="Off",1,0) -> 0 | G217: =IF(D217="Off",10,1) -> 1
A218: IO1 | B218: =(C218-DATE(YEAR(C218),1,0))/365+YEAR(C218) -> 2024.7534 | C218: 45566 | D218: OFF | E218: =IF(D218="ON",1,0) -> 0 | F218: =IF(D218="Off",1,0) -> 1 | G218: =IF(D218="Off",10,1) -> 10
A219: IO1 | B219: =(C219-DATE(YEAR(C219),1,0))/365+YEAR(C219) -> 2025.1644 | C219: 45717 | D219: ON | E219: =IF(D219="ON",1,0) -> 1 | F219: =IF(D219="Off",1,0) -> 0 | G219: =IF(D219="Off",10,1) -> 1
A220: IO1 | B220: =(C220-DATE(YEAR(C220),1,0))/365+YEAR(C220) -> 2025.7507 | C220: 45931 | D220: OFF | E220: =IF(D220="ON",1,0) -> 0 | F220: =IF(D220="Off",1,0) -> 1 | G220: =IF(D220="Off",10,1) -> 10
A221: IO1 | B221: =(C221-DATE(YEAR(C221),1,0))/365+YEAR(C221) -> 2026.1644 | C221: 46082 | D221: ON | E221: =IF(D221="ON",1,0) -> 1 | F221: =IF(D221="Off",1,0) -> 0 | G221: =IF(D221="Off",10,1) -> 1
A222: BP2 | B222: =(C222-DATE(YEAR(C222),1,0))/365+YEAR(C222) -> 2026.4164 | C222: 46174 | D222: OFF | E222: =IF(D222="ON",1,0) -> 0 | F222: =IF(D222="Off",1,0) -> 1 | G222: =IF(D222="Off",10,1) -> 10
A223: SS2 | B223: =(C223-DATE(YEAR(C223),1,0))/365+YEAR(C223) -> 2026.4164 | C223: 46174 | D223: OFF | E223: =IF(D223="ON",1,0) -> 0 | F223: =IF(D223="Off",1,0) -> 1 | G223: =IF(D223="Off",10,1) -> 10

Sheet on.off.table
A1: site | B1: 45931 | C1: current.status | D1: AWC.req.turnon
A3: LW1 | B3: ON | C3: ON | D3: NA
A4: LW2 | B4: ON | C4: ON | D4: NA
A5: LW3 | B5: ON | C5: ON | D5: NA
A6: BP1 | B6: ON | C6: ON | D6: NA
A7: BP2 | B7: OFF | C7: OFF | D7: 28.4, OFF 7-98
A8: BP3 | B8: ON | C8: ON | D8: NA
A9: BP4 | B9: ON | C9: ON | D9: NA
A10: TA3 | B10: ON | C10: ON | D10: NA
A11: TA4 | B11: ON | C11: ON | D11: NA
A12: TA5 | B12: ON | C12: ON | D12: NA
A13: TA6 | B13: ON | C13: ON | D13: NA
A14: TS1 | B14: ON | C14: ON | D14: NA
... A24: BG2 | B24: ON | C24: ON | D24: NA

Sheet test well RPs
A1: Site | B1: MW STAID | C1: RP_m | D1: Notes
A2: LW1 | B2: T795 | C2: 0.18
A3: LW2 | B3: V001G | C3: 0.67 | D3: steel RP; inner PVC RP offset = 0.104m
A4: LW3 | B4: T840 | C4: 0.53
A5: BC1 | B5: T02AI | C5: 0.07
A6: BC2 | B6: T796 | C6: 0.2
A7: BC3 | B7: T797 | C7: 0.07
A8: BP1 | B8: T798 | C8: 0.12
A9: BP2 | B9: T799 | C9: 0.21
A10: BP3 | B10: T567 | C10: 0.16
A11: BP4 | B11: T800 | C11: 0.16
A12: TA1 | B12: T419 | C12: 0.47
A13: TA3 | B13: T849 | C13: 0.493
A14: TA4 | B14: T586 | C14: 0.07
A15: TA5 | B15: T801 | C15: 0.07 | D15: RP=0.190 before 5/1995
A16: TA6 | B16: T803 | C16: 0.13
A17: TAC | B17: T802 | C17: 0.2 | D17: RP=0.06 before 5/2002; RP=1.60 before 4/1995; RP=0.23 before 11/1993
A18: TS1 | B18: T807 | C18: 0.16
A19: TS2 | B19: T806 | C19: 0.14 | D19: PVC RP
A20: TS3 | B20: T851 | C20: 0.59
A21: TS4 | B21: T804 | C21: 0.16
A22: TS6 | B22: T808 | C22: 0.12 | D22: RP=0.420 before 7/1998
A23: TSC | B23: T805 | C23: 0.16
A24: IO1 | B24: T809 | C24: 0.14
A25: IO2 | B25: T854 | C25: 0.583
A26: IC1 | B26: T008D | C26: 0.2
A27: IC2 | B27: T810 | C27: 0.16
A28: SS1 | B28: V009G | C28: 0.91
A29: SS2 | B29: T646 | C29: 0.43
A30: SS3 | B30: T884 | C30: 0.683 | D30: T561 before 10/2008 (RP=0.510)
A31: SS4 | B31: T885 | C31: 0.701 | D31: T811 before 10/2008 (RP=0.170)
A32: BG2 | B32: T812 | C32: 0.35 | D32: RP=0.180 before 4/2002
A33: BGC | B33: T856 | C33: 0.49 | D33: steel RP

Sheet GB VWR July 1_2025
B1: VWR (cm): 2025
A2: SITE | B2: Oct 1 | C2: July 1
B3: cm | C3: cm
A4: LW1 | B4: 11.282635 | C4: 6.4048503
A5: LW2 | B5: 3.4946108 | C5: 1.9266467
A6: LW3 | B6: 9.6952096 | C6: 5.2756287
A7: BC1 | B7: 22.2524 | C7: 12.123966
A8: BC2 | B8: 19.096269 | C8: 10.181059
A9: BC3 | B9: 18.014834 | C9: 9.687035
A10: BP1 | B10: 14.802216 | C10: 8.0594048
A11: BP2 | B11: 15.013275 | C11: 8.1119244
A12: BP3 | B12: 8.8724551 | C12: 4.9934132
A13: BP4 | B13: 5.589128 | C13: 3.1624794
A14: TA3 | B14: 14.533975 | C14: 7.7556179
A15: TA4 | B15: 9.1669461 | C15: 4.9156647
... A33: BGC | B33: 8.4011976 | C33: 4.5345509
